<?xml version="1.0" encoding="utf-8"?>
<!DOCTYPE hibernate-mapping PUBLIC "-//Hibernate/Hibernate Mapping DTD 3.0//EN"
"http://hibernate.sourceforge.net/hibernate-mapping-3.0.dtd">
<!-- 
    Mapping file autogenerated by MyEclipse Persistence Tools
-->
<hibernate-mapping>
    <class name="lodtable.Casetypecases" table="CASETYPECASES" schema="LAO">
        <id name="ctcid" type="integer">
            <column name="CTCID" precision="22" scale="0" />
            <generator class="increment" />
        </id>
        <many-to-one name="casetypes" class="lodtable.Casetypes" fetch="select">
            <column name="CTID" precision="22" scale="0" />
        </many-to-one>
        <property name="ctcname" type="java.lang.String">
            <column name="CTCNAME" length="50" />
        </property>
        <set name="criminals" inverse="true">
            <key>
                <column name="CTCID" precision="22" scale="0" />
            </key>
            <one-to-many class="lodtable.Criminal" />
        </set>
        <set name="policestationwisecaseses" inverse="true">
            <key>
                <column name="CTCID" precision="22" scale="0" />
            </key>
            <one-to-many class="lodtable.Policestationwisecases" />
        </set>
    </class>
</hibernate-mapping>
