<?xml version="1.0" encoding="utf-8"?>
<!DOCTYPE hibernate-mapping PUBLIC "-//Hibernate/Hibernate Mapping DTD 3.0//EN"
"http://hibernate.sourceforge.net/hibernate-mapping-3.0.dtd">
<!-- 
    Mapping file autogenerated by MyEclipse Persistence Tools
-->
<hibernate-mapping>
    <class name="lodtable.Caseprocessing" table="CASEPROCESSING" schema="LAO">
        <id name="cpid" type="integer">
            <column name="CPID" precision="22" scale="0" />
            <generator class="increment" />
        </id>
        <property name="cpname" type="java.lang.String">
            <column name="CPNAME" length="50" />
        </property>
        <set name="policestationwisecaseses" inverse="true">
            <key>
                <column name="CPID" precision="22" scale="0" />
            </key>
            <one-to-many class="lodtable.Policestationwisecases" />
        </set>
    </class>
</hibernate-mapping>
