<?xml version="1.0" encoding="utf-8"?>
<!DOCTYPE hibernate-mapping PUBLIC "-//Hibernate/Hibernate Mapping DTD 3.0//EN"
"http://hibernate.sourceforge.net/hibernate-mapping-3.0.dtd">
<!-- 
    Mapping file autogenerated by MyEclipse Persistence Tools
-->
<hibernate-mapping>
    <class name="lodtable.Casetypes" table="CASETYPES" schema="LAO">
        <id name="ctid" type="integer">
            <column name="CTID" precision="22" scale="0" />
            <generator class="increment" />
        </id>
        <property name="ctname" type="java.lang.String">
            <column name="CTNAME" length="50" />
        </property>
        <set name="casetypecaseses" inverse="true">
            <key>
                <column name="CTID" precision="22" scale="0" />
            </key>
            <one-to-many class="lodtable.Casetypecases" />
        </set>
    </class>
</hibernate-mapping>
