<?xml version="1.0" encoding="utf-8"?>
<!DOCTYPE hibernate-mapping PUBLIC "-//Hibernate/Hibernate Mapping DTD 3.0//EN"
"http://hibernate.sourceforge.net/hibernate-mapping-3.0.dtd">
<!-- 
    Mapping file autogenerated by MyEclipse Persistence Tools
-->
<hibernate-mapping>
    <class name="lodtable.Criminal" table="CRIMINAL" schema="LAO">
        <id name="cid" type="integer">
            <column name="CID" precision="22" scale="0" />
            <generator class="increment" />
        </id>
        <many-to-one name="casetypecases" class="lodtable.Casetypecases" fetch="select">
            <column name="CTCID" precision="22" scale="0" />
        </many-to-one>
        <many-to-one name="policestationwisecases" class="lodtable.Policestationwisecases" fetch="select">
            <column name="PSWCID" precision="22" scale="0" />
        </many-to-one>
        <property name="cname" type="java.lang.String">
            <column name="CNAME" length="50" />
        </property>
    </class>
</hibernate-mapping>
