<?xml version='1.0' encoding='UTF-8'?>
<!DOCTYPE hibernate-configuration PUBLIC
          "-//Hibernate/Hibernate Configuration DTD 3.0//EN"
          "http://hibernate.sourceforge.net/hibernate-configuration-3.0.dtd">

<!-- Generated by MyEclipse Hibernate Tools.                   -->
<hibernate-configuration>

	<session-factory>
		<property name="dialect">
			org.hibernate.dialect.Oracle9Dialect
		</property>
		<property name="connection.url">
			jdbc:oracle:thin:@localhost:1521:XE
		</property>
		<property name="connection.username">lao</property>
		<property name="connection.password">lao</property>
		<property name="connection.driver_class">
			oracle.jdbc.driver.OracleDriver
		</property>
		<property name="myeclipse.connection.profile">lao</property>
		<property name="hbm2ddl.auto">update</property>
		<property name="show_sql">true</property>
		<property name="format_sql">true</property>
		<mapping resource="Caseprocessing.hbm.xml" />
		<mapping resource="Casetypecases.hbm.xml" />
		<mapping resource="Casetypes.hbm.xml" />
		<mapping resource="Criminal.hbm.xml" />
		<mapping resource="Laousers.hbm.xml" />
		<mapping resource="Licenseapplication.hbm.xml" />
		<mapping resource="Policeofficers.hbm.xml" />
		<mapping resource="Policeofficerstypes.hbm.xml" />
		<mapping resource="Policestation.hbm.xml" />
		<mapping resource="Policestationstaff.hbm.xml" />
		<mapping resource="Policestationwisecases.hbm.xml" />
		<mapping resource="Stationareas.hbm.xml" />
			</session-factory>

</hibernate-configuration>