<?xml version="1.0" encoding="utf-8"?>
<!DOCTYPE hibernate-mapping PUBLIC "-//Hibernate/Hibernate Mapping DTD 3.0//EN"
"http://hibernate.sourceforge.net/hibernate-mapping-3.0.dtd">
<!-- 
    Mapping file autogenerated by MyEclipse Persistence Tools
-->
<hibernate-mapping>
    <class name="lodtable.Laousers" table="LAOUSERS" schema="LAO">
        <id name="userid" type="integer">
            <column name="USERID" precision="22" scale="0" />
            <generator class="increment" />
        </id>
        <property name="uname" type="java.lang.String">
            <column name="UNAME" length="50" />
        </property>
        <property name="password" type="java.lang.String">
            <column name="PASSWORD" length="50" />
        </property>
        <property name="uroll" type="java.lang.String">
            <column name="UROLL" length="20" />
        </property>
    </class>
</hibernate-mapping>
