<?xml version="1.0" encoding="utf-8"?>
<!DOCTYPE hibernate-mapping PUBLIC "-//Hibernate/Hibernate Mapping DTD 3.0//EN"
"http://hibernate.sourceforge.net/hibernate-mapping-3.0.dtd">
<!-- 
    Mapping file autogenerated by MyEclipse Persistence Tools
-->
<hibernate-mapping>
    <class name="lodtable.Licenseapplication" table="LICENSEAPPLICATION" schema="LAO">
        <id name="licenseappid" type="integer">
            <column name="LICENSEAPPID" precision="22" scale="0" />
            <generator class="increment" />
        </id>
        <many-to-one name="policestation" class="lodtable.Policestation" fetch="select">
            <column name="PSID" precision="22" scale="0" />
        </many-to-one>
        <property name="laname" type="java.lang.String">
            <column name="LANAME" length="50" />
        </property>
        <property name="lafathername" type="java.lang.String">
            <column name="LAFATHERNAME" length="50" />
        </property>
        <property name="laage" type="java.lang.String">
            <column name="LAAGE" length="20" />
        </property>
        <property name="wheelertype" type="java.lang.String">
            <column name="WHEELERTYPE" length="20" />
        </property>
        <property name="addressproof" type="java.lang.String">
            <column name="ADDRESSPROOF" length="50" />
        </property>
        <property name="idproof" type="java.lang.String">
            <column name="IDPROOF" length="100" />
        </property>
    </class>
</hibernate-mapping>
