<?xml version="1.0" encoding="utf-8"?>
<!DOCTYPE hibernate-mapping PUBLIC "-//Hibernate/Hibernate Mapping DTD 3.0//EN"
"http://hibernate.sourceforge.net/hibernate-mapping-3.0.dtd">
<!-- 
    Mapping file autogenerated by MyEclipse Persistence Tools
-->
<hibernate-mapping>
    <class name="lodtable.Policeofficerstypes" table="POLICEOFFICERSTYPES" schema="LAO">
        <id name="potid" type="integer">
            <column name="POTID" precision="22" scale="0" />
            <generator class="increment" />
        </id>
        <property name="potname" type="java.lang.String">
            <column name="POTNAME" length="50" />
        </property>
        <set name="policeofficerses" inverse="true">
            <key>
                <column name="POTID" precision="22" scale="0" />
            </key>
            <one-to-many class="lodtable.Policeofficers" />
        </set>
    </class>
</hibernate-mapping>
