<?xml version="1.0" encoding="utf-8"?>
<!DOCTYPE hibernate-mapping PUBLIC "-//Hibernate/Hibernate Mapping DTD 3.0//EN"
"http://hibernate.sourceforge.net/hibernate-mapping-3.0.dtd">
<!-- 
    Mapping file autogenerated by MyEclipse Persistence Tools
-->
<hibernate-mapping>
    <class name="lodtable.Policestationwisecases" table="POLICESTATIONWISECASES" schema="LAO">
        <id name="pswcid" type="integer">
            <column name="PSWCID" precision="22" scale="0" />
            <generator class="increment" />
        </id>
        <many-to-one name="casetypecases" class="lodtable.Casetypecases" fetch="select">
            <column name="CTCID" precision="22" scale="0" />
        </many-to-one>
        <many-to-one name="policestation" class="lodtable.Policestation" fetch="select">
            <column name="PSID" precision="22" scale="0" />
        </many-to-one>
        <many-to-one name="caseprocessing" class="lodtable.Caseprocessing" fetch="select">
            <column name="CPID" precision="22" scale="0" />
        </many-to-one>
        <property name="description" type="java.lang.String">
            <column name="DESCRIPTION" length="200" />
        </property>
        <property name="complainedby" type="java.lang.String">
            <column name="COMPLAINEDBY" length="50" />
        </property>
        <property name="complainedon" type="java.lang.String">
            <column name="COMPLAINEDON" length="50" />
        </property>
        <set name="criminals" inverse="true">
            <key>
                <column name="PSWCID" precision="22" scale="0" />
            </key>
            <one-to-many class="lodtable.Criminal" />
        </set>
    </class>
</hibernate-mapping>
