<?xml version="1.0" encoding="utf-8"?>
<!DOCTYPE hibernate-mapping PUBLIC "-//Hibernate/Hibernate Mapping DTD 3.0//EN"
"http://hibernate.sourceforge.net/hibernate-mapping-3.0.dtd">
<!-- 
    Mapping file autogenerated by MyEclipse Persistence Tools
-->
<hibernate-mapping>
    <class name="lodtable.Policestation" table="POLICESTATION" schema="LAO">
        <id name="psid" type="integer">
            <column name="PSID" precision="22" scale="0" />
            <generator class="increment" />
        </id>
        <property name="psarea" type="java.lang.String">
            <column name="PSAREA" length="50" />
        </property>
        <property name="psaddress" type="java.lang.String">
            <column name="PSADDRESS" length="100" />
        </property>
        <set name="stationareases" inverse="true">
            <key>
                <column name="PSID" precision="22" scale="0" />
            </key>
            <one-to-many class="lodtable.Stationareas" />
        </set>
        <set name="policestationwisecaseses" inverse="true">
            <key>
                <column name="PSID" precision="22" scale="0" />
            </key>
            <one-to-many class="lodtable.Policestationwisecases" />
        </set>
        <set name="licenseapplications" inverse="true">
            <key>
                <column name="PSID" precision="22" scale="0" />
            </key>
            <one-to-many class="lodtable.Licenseapplication" />
        </set>
        <set name="policestationstaffs" inverse="true">
            <key>
                <column name="PSID" precision="22" scale="0" />
            </key>
            <one-to-many class="lodtable.Policestationstaff" />
        </set>
    </class>
</hibernate-mapping>
