<?xml version="1.0" encoding="utf-8"?>
<!DOCTYPE hibernate-mapping PUBLIC "-//Hibernate/Hibernate Mapping DTD 3.0//EN"
"http://hibernate.sourceforge.net/hibernate-mapping-3.0.dtd">
<!-- 
    Mapping file autogenerated by MyEclipse Persistence Tools
-->
<hibernate-mapping>
    <class name="lodtable.Policestationstaff" table="POLICESTATIONSTAFF" schema="LAO">
        <id name="pssid" type="java.lang.Long">
            <column name="PSSID" precision="10" scale="0" />
            <generator class="increment" />
        </id>
        <many-to-one name="policeofficers" class="lodtable.Policeofficers" fetch="select">
            <column name="POID" precision="22" scale="0" />
        </many-to-one>
        <many-to-one name="policestation" class="lodtable.Policestation" fetch="select">
            <column name="PSID" precision="22" scale="0" />
        </many-to-one>
    </class>
</hibernate-mapping>
