<?xml version="1.0" encoding="utf-8"?>
<!DOCTYPE hibernate-mapping PUBLIC "-//Hibernate/Hibernate Mapping DTD 3.0//EN"
"http://hibernate.sourceforge.net/hibernate-mapping-3.0.dtd">
<!-- 
    Mapping file autogenerated by MyEclipse Persistence Tools
-->
<hibernate-mapping>
    <class name="lodtable.Policeofficers" table="POLICEOFFICERS" schema="LAO">
        <id name="poid" type="integer">
            <column name="POID" precision="22" scale="0" />
            <generator class="increment" />
        </id>
        <many-to-one name="policeofficerstypes" class="lodtable.Policeofficerstypes" fetch="select">
            <column name="POTID" precision="22" scale="0" />
        </many-to-one>
        <property name="poname" type="java.lang.String">
            <column name="PONAME" length="40" />
        </property>
        <set name="policestationstaffs" inverse="true">
            <key>
                <column name="POID" precision="22" scale="0" />
            </key>
            <one-to-many class="lodtable.Policestationstaff" />
        </set>
    </class>
</hibernate-mapping>
