<?xml version="1.0" encoding="utf-8"?>
<!DOCTYPE hibernate-mapping PUBLIC "-//Hibernate/Hibernate Mapping DTD 3.0//EN"
"http://hibernate.sourceforge.net/hibernate-mapping-3.0.dtd">
<!-- 
    Mapping file autogenerated by MyEclipse Persistence Tools
-->
<hibernate-mapping>
    <class name="lodtable.Stationareas" table="STATIONAREAS" schema="LAO">
        <id name="said" type="integer">
            <column name="SAID" precision="22" scale="0" />
            <generator class="assigned" />
        </id>
        <many-to-one name="policestation" class="lodtable.Policestation" fetch="select">
            <column name="PSID" precision="22" scale="0" />
        </many-to-one>
        <property name="saname" type="java.lang.String">
            <column name="SANAME" length="50" />
        </property>
    </class>
</hibernate-mapping>
