<?xml version="1.0" encoding="utf-8"?>
<!DOCTYPE hibernate-mapping PUBLIC "-//Hibernate/Hibernate Mapping DTD 3.0//EN"
"http://hibernate.sourceforge.net/hibernate-mapping-3.0.dtd">
<!-- 
    Mapping file autogenerated by MyEclipse Persistence Tools
-->
<hibernate-mapping>
    <class name="beans.Department" table="DEPARTMENT" schema="FTS">
        <id name="DId" type="integer">
            <column name="D_ID" precision="22" scale="0" />
            <generator class="increment" />
        </id>
        <property name="dname" type="java.lang.String">
            <column name="DNAME" length="30" />
        </property>
        <property name="departmenthead" type="java.lang.String">
            <column name="DEPARTMENTHEAD" length="30" />
        </property>
        <set name="fileLocations" inverse="true">
            <key>
                <column name="D_ID" precision="22" scale="0" />
            </key>
            <one-to-many class="beans.FileLocation" />
        </set>
        <set name="employees" inverse="true">
            <key>
                <column name="D_ID" precision="22" scale="0" />
            </key>
            <one-to-many class="beans.Employee" />
        </set>
    </class>
</hibernate-mapping>
