<?xml version="1.0" encoding="utf-8"?>
<!DOCTYPE hibernate-mapping PUBLIC "-//Hibernate/Hibernate Mapping DTD 3.0//EN"
"http://hibernate.sourceforge.net/hibernate-mapping-3.0.dtd">
<!-- 
    Mapping file autogenerated by MyEclipse Persistence Tools
-->
<hibernate-mapping>
    <class name="beans.Employee" table="EMPLOYEE" schema="FTS">
        <id name="EId" type="integer">
            <column name="E_ID" precision="22" scale="0" />
            <generator class="increment" />
        </id>
        <many-to-one name="department" class="beans.Department" fetch="select">
            <column name="D_ID" precision="22" scale="0" />
        </many-to-one>
        <property name="ename" type="java.lang.String">
            <column name="ENAME" length="30" />
        </property>
        <property name="esal" type="integer">
            <column name="ESAL" precision="22" scale="0" />
        </property>
        <property name="jdate" type="time">
            <column name="JDATE" length="7" />
        </property>
    </class>
</hibernate-mapping>
