<?xml version="1.0" encoding="utf-8"?>
<!DOCTYPE hibernate-mapping PUBLIC "-//Hibernate/Hibernate Mapping DTD 3.0//EN"
"http://hibernate.sourceforge.net/hibernate-mapping-3.0.dtd">
<!-- 
    Mapping file autogenerated by MyEclipse Persistence Tools
-->
<hibernate-mapping>
    <class name="beans.FileLocation" table="FILE_LOCATION" schema="FTS">
        <id name="FId" type="integer">
            <column name="F_ID" precision="22" scale="0" />
            <generator class="increment" />
        </id>
        <many-to-one name="department" class="beans.Department" fetch="select">
            <column name="D_ID" precision="22" scale="0" />
        </many-to-one>
        <many-to-one name="users" class="beans.Users" fetch="select">
            <column name="U_ID" precision="22" scale="0" />
        </many-to-one>
        <property name="filename" type="java.lang.String">
            <column name="FILENAME" length="30" />
        </property>
    </class>
</hibernate-mapping>
