<?xml version="1.0" encoding="UTF-8" ?>
<!DOCTYPE struts PUBLIC "-//Apache Software Foundation//DTD Struts Configuration 2.1//EN" "http://struts.apache.org/dtds/struts-2.1.dtd">
<struts>
<constant name="struts.devMode" value="true"></constant>
<package name="deafult" extends="struts-default" namespace="/">

<action name="urreg" class="actions.UserReg">
<result name="input">/userreg.jsp</result>
<result name="regsucecss">/regsucecss.jsp</result>
</action>
<action name="userImage"
    class="actions.FileUploadAction">
    <interceptor-ref name="fileUpload">
        <param name="maximumSize">2097152</param>
        <param name="allowedTypes">
          application/msword,application/pdf,application/zip,application/vnd.openxmlformats-officedocument.wordprocessingml.document
        </param>
    </interceptor-ref>
    <interceptor-ref name="defaultStack"></interceptor-ref>
    <result name="success">SuccessUserImage.jsp</result>
    <result name="input">fileupload.jsp</result>
    
    </action>


<action name="login" class="actions.Login">
<result name="input">/index.jsp</result>
<result name="adminsuccess">/adminsuccess.jsp</result>
<result name="rolessuccess">/rolessuccess.jsp</result>
<result name="userssuccess">/userssuccess.jsp</result>

</action>
<action name="created" class="actions.CreateDepartment" >
<result name="input">/adminsuccess.jsp</result>
<result name="dsuccess">/adminsuccess.jsp</result>
</action>
<action name="createemployee" class="actions.EmployeeAction">
<result name="input">/adminsuccess.jsp</result>
<result name="success">/adminsuccess.jsp</result>
</action>
<action name="createuser" class="actions.CreateUser" >
<result name="input">/adminsuccess.jsp</result>
<result name="success">/adminsuccess.jsp</result>
</action>
</package>
</struts>    
