<?xml version="1.0" encoding="utf-8"?>
<!DOCTYPE hibernate-mapping PUBLIC "-//Hibernate/Hibernate Mapping DTD 3.0//EN"
"http://hibernate.sourceforge.net/hibernate-mapping-3.0.dtd">
<!-- 
    Mapping file autogenerated by MyEclipse Persistence Tools
-->
<hibernate-mapping>
    <class name="beans.Users" table="USERS" schema="FTS">
        <id name="UId" type="integer">
            <column name="U_ID" precision="22" scale="0" />
            <generator class="increment" />
        </id>
        <many-to-one name="employee" class="beans.Employee" fetch="select">
            <column name="EMPID" precision="22" scale="0" />
        </many-to-one>
        <property name="uname" type="java.lang.String">
            <column name="UNAME" length="30" />
        </property>
        <property name="pass" type="java.lang.String">
            <column name="PASS" length="30" />
        </property>
        <property name="role" type="java.lang.String">
            <column name="ROLE" length="30" />
        </property>
    </class>
</hibernate-mapping>
