<?xml version="1.0" encoding="utf-8"?>
<!DOCTYPE hibernate-mapping PUBLIC "-//Hibernate/Hibernate Mapping DTD 3.0//EN"
"http://hibernate.sourceforge.net/hibernate-mapping-3.0.dtd">
<!-- 
    Mapping file autogenerated by MyEclipse Persistence Tools
-->
<hibernate-mapping>
    <class name="beans.Defaults" table="DEFAULTS" schema="KD">
        <id name="did" type="integer">
            <column name="DID" precision="22" scale="0" />
            <generator class="increment" />
        </id>
        <property name="dname" type="java.lang.String">
            <column name="DNAME" length="30" />
        </property>
        <property name="value" type="java.lang.String">
            <column name="VALUE" length="30" />
        </property>
    </class>
</hibernate-mapping>
