<?xml version="1.0" encoding="utf-8"?>
<!DOCTYPE hibernate-mapping PUBLIC "-//Hibernate/Hibernate Mapping DTD 3.0//EN"
"http://hibernate.sourceforge.net/hibernate-mapping-3.0.dtd">
<!-- 
    Mapping file autogenerated by MyEclipse Persistence Tools
-->
<hibernate-mapping>
    <class name="beans.Doctor" table="DOCTOR" schema="KD">
        <id name="did" type="integer">
            <column name="DID" precision="22" scale="0" />
            <generator class="increment" />
        </id>
        <property name="dname" type="java.lang.String">
            <column name="DNAME" length="50" />
        </property>
        <property name="email" type="java.lang.String">
            <column name="EMAIL" length="50" />
        </property>
        <property name="password" type="java.lang.String">
            <column name="PASSWORD" length="50" />
        </property>
        <property name="contact" type="java.lang.String">
            <column name="CONTACT" length="30" />
        </property>
        <property name="address" type="java.lang.String">
            <column name="ADDRESS" length="100" />
        </property>
        <set name="patients" inverse="true">
            <key>
                <column name="DID" precision="22" scale="0" />
            </key>
            <one-to-many class="beans.Patient" />
        </set>
    </class>
</hibernate-mapping>
