<?xml version='1.0' encoding='UTF-8'?>
<!DOCTYPE hibernate-configuration PUBLIC
          "-//Hibernate/Hibernate Configuration DTD 3.0//EN"
          "http://hibernate.sourceforge.net/hibernate-configuration-3.0.dtd">

<!-- Generated by MyEclipse Hibernate Tools.                   -->
<hibernate-configuration>

<session-factory>
	<property name="dialect">
		org.hibernate.dialect.Oracle9Dialect
	</property>
	<property name="connection.url">
		jdbc:oracle:thin:@localhost:1521:xe
	</property>
	<property name="connection.username">kd</property>
	<property name="connection.password">kd</property>
	<property name="connection.driver_class">
		oracle.jdbc.driver.OracleDriver
	</property>
	<property name="myeclipse.connection.profile">kd</property>
	<property name="hbm2ddl.auto">create</property>
	<mapping resource="Doctor.hbm.xml" />
	<mapping resource="Patient.hbm.xml" />
	<mapping resource="Defaults.hbm.xml" />

</session-factory>

</hibernate-configuration>