<?xml version="1.0" encoding="utf-8"?>
<!DOCTYPE hibernate-mapping PUBLIC "-//Hibernate/Hibernate Mapping DTD 3.0//EN"
"http://hibernate.sourceforge.net/hibernate-mapping-3.0.dtd">
<!-- 
    Mapping file autogenerated by MyEclipse Persistence Tools
-->
<hibernate-mapping>
    <class name="beans.Patient" table="PATIENT" schema="KD">
        <id name="pid" type="integer">
            <column name="PID" precision="22" scale="0" />
            <generator class="increment" />
        </id>
        <many-to-one name="doctor" class="beans.Doctor" fetch="select">
            <column name="DID" precision="22" scale="0" />
        </many-to-one>
        <property name="pname" type="java.lang.String">
            <column name="PNAME" length="30" />
        </property>
        <property name="age" type="integer">
            <column name="AGE" precision="22" scale="0" />
        </property>
        <property name="area" type="java.lang.String">
            <column name="AREA" length="30" />
        </property>
        <property name="hypertention" type="java.lang.String">
            <column name="HYPERTENTION" length="30" />
        </property>
        <property name="daibetes" type="java.lang.String">
            <column name="DAIBETES" length="30" />
        </property>
         <property name="username" type="java.lang.String">
            <column name="USERNAME" length="30" />
        </property>
        <property name="password" type="java.lang.String">
            <column name="PASSWORD" length="30" />
        </property>
    </class>
</hibernate-mapping>
