<?xml version="1.0" encoding="utf-8"?>
<!DOCTYPE hibernate-mapping PUBLIC "-//Hibernate/Hibernate Mapping DTD 3.0//EN"
"http://hibernate.sourceforge.net/hibernate-mapping-3.0.dtd">
<!-- 
    Mapping file autogenerated by MyEclipse Persistence Tools
-->
<hibernate-mapping>
    <class name="ams1tables.Bankaccounts" table="BANKACCOUNTS" schema="INVEST">
        <id name="accountno" type="integer">
            <column name="ACCOUNTNO" precision="22" scale="0" />
            <generator class="increment" />
        </id>
        <many-to-one name="bank" class="ams1tables.Bank" fetch="select">
            <column name="BID" precision="22" scale="0" />
        </many-to-one>
        <property name="acholdername" type="java.lang.String">
            <column name="ACHOLDERNAME" length="30" />
        </property>
        <property name="acbalance" type="integer">
            <column name="ACBALANCE" precision="22" scale="0" />
        </property>
        <set name="investorses" inverse="true">
            <key>
                <column name="ACCOUNTNO" precision="22" scale="0" />
            </key>
            <one-to-many class="ams1tables.Investors" />
        </set>
        <set name="companies" inverse="true">
            <key>
                <column name="ACCOUNTNO" precision="22" scale="0" />
            </key>
            <one-to-many class="ams1tables.Company" />
        </set>
    </class>
</hibernate-mapping>
