<?xml version="1.0" encoding="utf-8"?>
<!DOCTYPE hibernate-mapping PUBLIC "-//Hibernate/Hibernate Mapping DTD 3.0//EN"
"http://hibernate.sourceforge.net/hibernate-mapping-3.0.dtd">
<!-- 
    Mapping file autogenerated by MyEclipse Persistence Tools
-->
<hibernate-mapping>
    <class name="ams1tables.Bank" table="BANK" schema="INVEST">
        <id name="bid" type="integer">
            <column name="BID" precision="22" scale="0" />
            <generator class="increment" />
        </id>
        <property name="bname" type="java.lang.String">
            <column name="BNAME" length="20" />
        </property>
        <property name="blocation" type="java.lang.String">
            <column name="BLOCATION" length="30" />
        </property>
        <set name="bankaccountses" inverse="true">
            <key>
                <column name="BID" precision="22" scale="0" />
            </key>
            <one-to-many class="ams1tables.Bankaccounts" />
        </set>
    </class>
</hibernate-mapping>
