<?xml version="1.0" encoding="utf-8"?>
<!DOCTYPE hibernate-mapping PUBLIC "-//Hibernate/Hibernate Mapping DTD 3.0//EN"
"http://hibernate.sourceforge.net/hibernate-mapping-3.0.dtd">
<!-- 
    Mapping file autogenerated by MyEclipse Persistence Tools
-->
<hibernate-mapping>
    <class name="ams1tables.Company" table="COMPANY" schema="INVEST">
        <id name="cid" type="integer">
            <column name="CID" precision="22" scale="0" />
            <generator class="increment" />
        </id>
        <many-to-one name="bankaccounts" class="ams1tables.Bankaccounts" fetch="select">
            <column name="ACCOUNTNO" precision="22" scale="0" />
        </many-to-one>
        <property name="cname" type="java.lang.String">
            <column name="CNAME" length="30" />
        </property>
        <set name="investorstockses" inverse="true">
            <key>
                <column name="CID" precision="22" scale="0" />
            </key>
            <one-to-many class="ams1tables.Investorstocks" />
        </set>
        <set name="companystockses" inverse="true">
            <key>
                <column name="CID" precision="22" scale="0" />
            </key>
            <one-to-many class="ams1tables.Companystocks" />
        </set>
    </class>
</hibernate-mapping>
