<?xml version='1.0' encoding='UTF-8'?>
<!DOCTYPE hibernate-configuration PUBLIC
          "-//Hibernate/Hibernate Configuration DTD 3.0//EN"
          "http://hibernate.sourceforge.net/hibernate-configuration-3.0.dtd">

<!-- Generated by MyEclipse Hibernate Tools.                   -->
<hibernate-configuration>

	<session-factory>
		<property name="dialect">
			org.hibernate.dialect.Oracle9Dialect
		</property>
		<property name="connection.url">
			jdbc:oracle:thin:@localhost:1521:XE
		</property>
		<property name="connection.username">invest</property>
		<property name="connection.password">invest</property>
		<property name="connection.driver_class">
			oracle.jdbc.driver.OracleDriver
		</property>
		<property name="myeclipse.connection.profile">invest</property>
		<property name="hbm2ddl.auto">update</property>
		<property name="show_sql">true</property>
		<property name="format_sql">true</property>
		<mapping resource="Bank.hbm.xml" />
		<mapping resource="Bankaccounts.hbm.xml" />
		<mapping resource="Company.hbm.xml" />
		<mapping resource="Companystocks.hbm.xml" />
		<mapping resource="Investors.hbm.xml" />
		<mapping resource="Investorstocks.hbm.xml" />
		<mapping resource="Stock.hbm.xml" />
		<mapping resource="Tx.hbm.xml" />
		<mapping resource="Typeofpurchase.hbm.xml" />
		<mapping resource="Userlogin.hbm.xml" />
		<mapping resource="./Investorpendingstocks.hbm.xml" />
	</session-factory>

</hibernate-configuration>