<?xml version="1.0" encoding="utf-8"?>
<!DOCTYPE hibernate-mapping PUBLIC "-//Hibernate/Hibernate Mapping DTD 3.0//EN"
"http://hibernate.sourceforge.net/hibernate-mapping-3.0.dtd">
<!-- 
    Mapping file autogenerated by MyEclipse Persistence Tools
-->
<hibernate-mapping>
    <class name="ams1tables.Investorpendingstocks" table="INVESTORPENDINGSTOCKS" schema="INVEST">
        <id name="invpstid" type="integer">
            <column name="INVPSTID" precision="22" scale="0" />
            <generator class="increment" />
        </id>
        <many-to-one name="company" class="ams1tables.Company" fetch="select">
            <column name="CID" precision="22" scale="0" />
        </many-to-one>
        <many-to-one name="typeofpurchase" class="ams1tables.Typeofpurchase" fetch="select">
            <column name="PTID" precision="22" scale="0" />
        </many-to-one>
        <many-to-one name="stock" class="ams1tables.Stock" fetch="select">
            <column name="STID" precision="22" scale="0" />
        </many-to-one>
        <many-to-one name="investors" class="ams1tables.Investors" fetch="select">
            <column name="INVID" precision="22" scale="0" />
        </many-to-one>
        <property name="noofstock" type="integer">
            <column name="NOOFSTOCK" precision="22" scale="0" />
        </property>
    </class>
</hibernate-mapping>
