<?xml version="1.0" encoding="utf-8"?>
<!DOCTYPE hibernate-mapping PUBLIC "-//Hibernate/Hibernate Mapping DTD 3.0//EN"
"http://hibernate.sourceforge.net/hibernate-mapping-3.0.dtd">
<!-- 
    Mapping file autogenerated by MyEclipse Persistence Tools
-->
<hibernate-mapping>
    <class name="ams1tables.Investors" table="INVESTORS" schema="INVEST">
        <id name="invid" type="integer">
            <column name="INVID" precision="22" scale="0" />
            <generator class="increment" />
        </id>
        <many-to-one name="bankaccounts" class="ams1tables.Bankaccounts" fetch="select">
            <column name="ACCOUNTNO" precision="22" scale="0" />
        </many-to-one>
        <property name="foliono" type="java.lang.String">
            <column name="FOLIONO" length="30" />
        </property>
        <property name="comnapno" type="java.lang.String">
            <column name="COMNAPNO" length="30" />
        </property>
        <property name="nameofapplicant" type="java.lang.String">
            <column name="NAMEOFAPPLICANT" length="20" />
        </property>
        <property name="pan" type="java.lang.String">
            <column name="PAN" length="30" />
        </property>
        <property name="email" type="java.lang.String">
            <column name="EMAIL" length="30" />
        </property>
        <property name="pass" type="java.lang.String">
            <column name="PASS" length="20" />
        </property>
        <property name="contact" type="java.lang.String">
            <column name="CONTACT" length="15" />
        </property>
        <property name="address" type="java.lang.String">
            <column name="ADDRESS" length="50" />
        </property>
        <property name="dob" type="java.lang.String">
            <column name="DOB" length="30" />
        </property>
        <set name="investorstockses" inverse="true">
            <key>
                <column name="INVID" precision="22" scale="0" />
            </key>
            <one-to-many class="ams1tables.Investorstocks" />
        </set>
    </class>
</hibernate-mapping>
