<?xml version="1.0" encoding="utf-8"?>
<!DOCTYPE hibernate-mapping PUBLIC "-//Hibernate/Hibernate Mapping DTD 3.0//EN"
"http://hibernate.sourceforge.net/hibernate-mapping-3.0.dtd">
<!-- 
    Mapping file autogenerated by MyEclipse Persistence Tools
-->
<hibernate-mapping>
    <class name="ams1tables.Stock" table="STOCK" schema="INVEST">
        <id name="stid" type="integer">
            <column name="STID" precision="22" scale="0" />
            <generator class="increment" />
        </id>
        <property name="stname" type="java.lang.String">
            <column name="STNAME" length="20" />
        </property>
        <property name="sttype" type="java.lang.String">
            <column name="STTYPE" length="30" />
        </property>
        <set name="investorstockses" inverse="true">
            <key>
                <column name="STID" precision="22" scale="0" />
            </key>
            <one-to-many class="ams1tables.Investorstocks" />
        </set>
        <set name="companystockses" inverse="true">
            <key>
                <column name="STID" precision="22" scale="0" />
            </key>
            <one-to-many class="ams1tables.Companystocks" />
        </set>
    </class>
</hibernate-mapping>
