<?xml version="1.0" encoding="utf-8"?>
<!DOCTYPE hibernate-mapping PUBLIC "-//Hibernate/Hibernate Mapping DTD 3.0//EN"
"http://hibernate.sourceforge.net/hibernate-mapping-3.0.dtd">
<!-- 
    Mapping file autogenerated by MyEclipse Persistence Tools
-->
<hibernate-mapping>
    <class name="ams1tables.Tx" table="TX" schema="INVEST">
        <id name="tid" type="integer">
            <column name="TID" precision="22" scale="0" />
            <generator class="increment" />
        </id>
        <many-to-one name="investorstocks" class="ams1tables.Investorstocks" fetch="select">
            <column name="INVSTID" precision="22" scale="0" />
        </many-to-one>
    </class>
</hibernate-mapping>
