<?xml version="1.0" encoding="utf-8"?>
<!DOCTYPE hibernate-mapping PUBLIC "-//Hibernate/Hibernate Mapping DTD 3.0//EN"
"http://hibernate.sourceforge.net/hibernate-mapping-3.0.dtd">
<!-- 
    Mapping file autogenerated by MyEclipse Persistence Tools
-->
<hibernate-mapping>
    <class name="ams1tables.Typeofpurchase" table="TYPEOFPURCHASE" schema="INVEST">
        <id name="ptid" type="integer">
            <column name="PTID" precision="22" scale="0" />
            <generator class="increment" />
        </id>
        <property name="ptname" type="java.lang.String">
            <column name="PTNAME" length="20" />
        </property>
        <set name="investorstockses" inverse="true">
            <key>
                <column name="PTID" precision="22" scale="0" />
            </key>
            <one-to-many class="ams1tables.Investorstocks" />
        </set>
    </class>
</hibernate-mapping>
