<?xml version="1.0" encoding="utf-8"?>
<!DOCTYPE hibernate-mapping PUBLIC "-//Hibernate/Hibernate Mapping DTD 3.0//EN"
"http://hibernate.sourceforge.net/hibernate-mapping-3.0.dtd">
<!-- 
    Mapping file autogenerated by MyEclipse Persistence Tools
-->
<hibernate-mapping>
    <class name="ams1tables.Userlogin" table="USERLOGIN" schema="INVEST">
        <id name="userid" type="integer">
            <column name="USERID" precision="22" scale="0" />
            <generator class="increment" />
        </id>
        <property name="username" type="java.lang.String">
            <column name="USERNAME" length="30" />
        </property>
        <property name="password" type="java.lang.String">
            <column name="PASSWORD" length="20" />
        </property>
        <property name="roll" type="java.lang.String">
            <column name="ROLL" length="20" />
        </property>
    </class>
</hibernate-mapping>
